id,name,email,phonenumber,birthyear
1,Mr. Ethan Luna,powellkristin@yahoo.com,001-200-462-5761x887,1995
2,Shawn Wong,moonjonathon@li.com,+1-737-056-5643,1967
3,Felicia Zimmerman,stephen58@gmail.com,+1-262-642-2482,1999
4,Katie James,kreynolds@yahoo.com,809-724-2697x13342,1990
5,Jerry Hoover,nathan20@snyder.com,+1-149-145-1136x0768,1998
6,Jonathan Mcdonald,mccoyrobert@jackson-khan.com,+1-213-896-6814x370,1953
7,Sean Taylor,smartinez@yahoo.com,858.543.1489,1969
8,Alicia Herrera,oprice@gmail.com,094-089-2596,1999
9,Mr. Anthony Frank,jillianewing@lopez-mcneil.com,+1-652-460-7003,1978
10,Bradley Brown,shawn54@stevenson.com,845.471.3020x273,1964
11,Tracie Kelley,george23@yahoo.com,1620845036,1968
12,Danielle Anthony,yhill@taylor.com,313-248-6630x5713,1991
13,Timothy Escobar,connie25@hotmail.com,(715)374-5214x55188,1979
14,Christopher Sandoval,samuel21@gmail.com,(043)645-7222,1977
15,Travis Edwards,james15@morales-burke.com,(891)413-8057x61006,1950
16,Catherine Baird,johnsoncatherine@gmail.com,486.352.6262x5863,1989
17,Justin Bell,leslietucker@gmail.com,0814320701,1992
18,Chad Howell,john77@robinson.com,949-999-6092x6347,1983
19,Jack Ward,jjones@pierce-ford.biz,+1-043-856-2508x3815,1978
20,Jose Burns,kylealvarez@dorsey.com,+1-168-112-1970,1986
21,Samantha Durham,redwards@morgan-nelson.net,152.427.3071x52094,1977
22,Kaitlyn Ross,laurenbarajas@yahoo.com,527-477-7018,1992
23,Dr. Kathleen Krause DDS,wnguyen@alvarez-bowman.net,(724)239-6546x26114,1954
24,Laura Warren,brandy20@gmail.com,+1-224-594-0251x21090,1959
25,Amber Phillips,mfigueroa@robinson.com,+1-179-246-8224x7648,1984
26,Lee Ayers,thompsontodd@johnson.info,(390)437-6981x13186,1969
27,Vanessa Cook,brendadavis@lara.com,435.177.3562x71024,1988
28,Jason Parker,phamjonathan@yahoo.com,215.279.3182x0568,1968
29,April Adams,vwood@brown-murphy.com,(498)455-8904x5501,1989
30,Kyle Welch,george10@kelly.com,(105)152-3204x6995,1957
31,Christopher Young,travis64@hotmail.com,001-607-754-9156x73534,1959
32,Kristina Melton,kdixon@yahoo.com,285-322-9040,1982
33,Jacob Ramirez,tpena@hotmail.com,091-652-6262,1973
34,Jason Gilbert,chadrichardson@gmail.com,(728)118-9771x0438,1967
35,Kathryn Bruce,nguyenjennifer@gmail.com,(165)331-5739,1950
36,Kimberly Williams,carterrobert@bradley-briggs.com,(937)193-7339x92746,1982
37,Michael Johnson,xbell@warren-gonzales.com,001-232-356-5106x112,1977
38,Daisy Morgan,jackgarza@johnson.net,795-459-5365,1961
39,Michael Turner,peter29@gmail.com,439-642-0648x05472,2000
40,Meghan Newman,kendraschaefer@yahoo.com,1475271556,1984
41,Ashley Bernard,xmatthews@hotmail.com,+1-582-555-3439x8216,1959
42,Leslie Marks,sherry67@moran.info,001-590-532-0819x30493,2005
43,Christina Bailey,davisjohn@gmail.com,2888919926,1951
44,Gregory Gomez,matthewmckee@turner-perry.org,(906)895-8760x4815,1992
45,Theresa Sanchez,larry89@pearson.com,001-607-549-2937,1987
46,Brian Boyle,smithmary@hotmail.com,657.507.4563x74455,1973
47,Emily Brown,montgomeryedward@gmail.com,(121)784-0997x881,1974
48,Laura Clark,ucalderon@hotmail.com,(295)741-3490x616,1995
49,Charlotte Randall,christinevillegas@gmail.com,(318)016-6583x642,1973
50,Pamela Romero,lee48@gmail.com,(187)268-3557,1979
51,Michael Jones,patriciaherman@yahoo.com,939.482.1784x20288,1998
52,Phillip Hernandez,apetty@gmail.com,+1-067-444-0714x7416,1950
53,Katherine Williamson,asullivan@parker-harrison.info,(869)396-9932x456,1980
54,Daniel Jones,douglaschristine@yahoo.com,(401)381-9711x2910,1964
55,Jimmy Massey,carmen07@walters.info,506.787.3405x706,1981
56,Daniel Wood,vwhite@hotmail.com,(985)970-1743x859,1952
57,Anthony Morton,jeffreyjacobs@walker-ferguson.com,599.878.7563,1987
58,Brian Chambers,xjames@hatfield.net,966-688-2835,1976
59,Steven Weber,zharris@mckinney-williams.com,3493954412,1957
60,Stanley Garcia,qanderson@yahoo.com,485-205-1678,1989
61,James Willis,johnlawson@hotmail.com,160-818-8169,1982
62,Robert Black,emiller@hotmail.com,614-240-5026,2002
63,Jennifer Liu,wagnerdebra@hotmail.com,001-474-376-3539x129,1957
64,Timothy Garcia,vmarshall@cantrell.com,(093)467-7695x9840,1997
65,Zachary Ferguson,pjohnson@hotmail.com,584-002-1631,1955
66,Julie Cohen,gregorypamela@ortiz.com,+1-329-935-0473x3952,1997
67,Steven Robertson,jessica08@yahoo.com,(484)300-8911x223,1988
68,Nicole Williams,bryanlewis@hotmail.com,356-907-9517,1985
69,Antonio Smith,christianmoody@marsh-kelly.biz,(481)452-3108,2002
70,Jennifer Roberson,robin83@bradshaw.com,(681)404-1026,1960
71,Justin Villa,melissa53@martinez.net,818.498.5952,1995
72,Nicholas Wright,kelly62@robinson.org,087-174-1852x911,1956
73,Michelle Hines MD,anne90@george.com,+1-122-711-2268x912,1988
74,Ryan Barnes,williamsmatthew@gmail.com,001-189-335-5386x05226,1950
75,David Cline,walkerian@pitts.com,(045)729-9015,2005
76,Paul Lawrence,johnsonchristopher@hotmail.com,041.086.4801,1992
77,Maurice Carpenter,joshua51@chavez-collins.com,(714)342-8270,1998
78,Michael Weiss,hernandezcaleb@montoya.com,(907)773-6732,1987
79,Adam Mitchell,emily74@yahoo.com,(999)174-9153x433,1958
80,David Gomez,gutierrezerik@silva.com,001-139-839-7358,1960
81,Sarah Buckley,andersonerica@hotmail.com,494-394-3194,1992
82,Margaret Riddle,carlos86@gonzales-brock.com,+1-034-352-4090x37770,1955
83,Jessica Davis,umartinez@walker-johnson.com,887-351-1386,1982
84,Mary Page,zjames@gmail.com,001-746-682-1374x491,1959
85,Sabrina Burnett,gomezstephanie@white-bryant.com,181.522.6582x740,2002
86,Victoria Hernandez,vreyes@hotmail.com,+1-010-001-8060x7722,1974
87,Mrs. Autumn Bautista MD,shannondarrell@richards.com,001-893-535-5678x816,1985
88,Amber Howard,ujames@hotmail.com,+1-806-679-8570,1977
89,Timothy Johnson MD,jsmith@mcguire.net,409.444.9949x014,1999
90,Michael Miller,susanhogan@carr.biz,+1-785-898-6534x967,1951
91,James Wheeler,yolanda54@fitzgerald.biz,001-370-031-7612x918,1955
92,Ryan Jones,timothy59@gmail.com,(333)579-1603,1977
93,Todd Mcdowell,moorecheryl@hotmail.com,+1-345-507-5076x593,1955
94,Catherine Williams,inguyen@gmail.com,704.354.0903,1961
95,Ryan Moore,lynn75@burns.net,(755)778-1243x3128,1956
96,Albert Patrick,daniellee@hotmail.com,(015)369-6462x823,1950
97,Zachary Johnson,wrightrachel@hotmail.com,+1-711-317-7117x60628,1981
98,Jeffrey Chavez,jonesabigail@wilson.com,795.755.0027x5972,1995
99,Michael Lopez DVM,ericksondaniel@scott.biz,552-809-3366,1972
100,Rachel Smith,rramirez@bailey.com,001-069-612-3161x939,1994
